,XS_Auto,XS_Cross,XS_Mean,XS_Total(sum),XS_Total(emp),TS_Auto,TS_MeanSq,TS_Total(sum),TS_Total(emp),N
Commodity,0.00136,-0.00014,0.00032,0.00153,0.00153,0.00142,0.00122,0.00264,0.00257,25.00000
Equity,0.00072,-0.00066,0.00011,0.00016,0.00016,0.00080,0.00029,0.00110,0.00106,9.00000
Bond,-0.00002,-0.00000,0.00000,-0.00002,-0.00001,-0.00002,0.00001,-0.00001,-0.00000,13.00000
Currency,0.00001,0.00001,0.00002,0.00003,0.00003,0.00001,0.00002,0.00002,0.00002,36.00000
ALL,0.00051,-0.00002,0.00028,0.00077,0.00075,0.00052,0.00041,0.00092,0.00090,83.00000
