,XS_Auto,XS_Cross,XS_Mean,XS_Total(sum),XS_Total(emp),TS_Auto,TS_MeanSq,TS_Total(sum),TS_Total(emp),N
Commodity,0.00282,-0.00134,0.00056,0.00203,0.00203,0.00294,0.00287,0.00581,0.00557,24.00000
Equity,0.00750,-0.00661,0.00062,0.00151,0.00152,0.00874,0.00279,0.01154,0.01169,7.00000
Bond,-0.00099,0.00137,0.00017,0.00055,0.00042,-0.00108,0.00056,-0.00051,-0.00091,13.00000
Currency,0.00173,0.00027,0.00133,0.00333,0.00343,0.00182,0.00136,0.00318,0.00328,21.00000
ALL,0.00089,-0.00012,0.00169,0.00245,0.00238,0.00090,0.00271,0.00362,0.00346,65.00000
