,XS_Auto,XS_Cross,XS_Mean,XS_Total(sum),XS_Total(emp),TS_Auto,TS_MeanSq,TS_Total(sum),TS_Total(emp),N
Commodity,0.00275,-0.00133,0.00058,0.00200,0.00199,0.00287,0.00293,0.00581,0.00556,24.00000
Equity,0.00750,-0.00661,0.00062,0.00151,0.00152,0.00874,0.00279,0.01154,0.01169,7.00000
Bond,-0.00099,0.00137,0.00017,0.00055,0.00042,-0.00108,0.00056,-0.00051,-0.00091,13.00000
Currency,0.00578,-0.00487,0.00043,0.00134,0.00138,0.00660,0.00056,0.00716,0.00715,8.00000
ALL,0.00136,-0.00011,0.00138,0.00263,0.00263,0.00138,0.00312,0.00450,0.00434,52.00000
