,XS_Auto,XS_Cross,XS_Mean,XS_Total(sum),XS_Total(emp),TS_Auto,TS_MeanSq,TS_Total(sum),TS_Total(emp),N
Commodity,0.00136,-0.00014,0.00032,0.00153,0.00153,0.00142,0.00122,0.00264,0.00257,25.00000
Equity,0.00072,-0.00066,0.00011,0.00016,0.00016,0.00080,0.00029,0.00110,0.00106,9.00000
Bond,-0.00002,-0.00000,0.00000,-0.00001,-0.00001,-0.00002,0.00001,-0.00001,-0.00001,13.00000
Currency,0.00006,-0.00001,0.00001,0.00005,0.00005,0.00006,0.00004,0.00010,0.00009,10.00000
ALL,0.00074,-0.00002,0.00031,0.00103,0.00102,0.00076,0.00059,0.00135,0.00131,57.00000
